problem;trial;r2_train;r2_test;seed
Nguyen-7;1;0.9999316567215931;-11.925765508395715;29802
Nguyen-7;2;0.9999316567215931;-11.925765508395715;22118
Nguyen-7;3;0.9999316567215931;-11.925765508395715;860
Nguyen-7;4;0.9999316567215931;-11.925765508395715;15795
Nguyen-7;5;0.9999316567215931;-11.925765508395715;21575
Nguyen-7;6;0.9999316567215931;-11.925765508395715;5390
Nguyen-7;7;0.9999316567215931;-11.925765508395715;11964
Nguyen-7;8;0.9999316567215931;-11.925765508395715;6265
