problem;trial;r2_train;r2_test;seed
Nguyen-7;1;1.0;1.0;29802
Nguyen-7;2;1.0;1.0;22118
Nguyen-7;3;1.0;1.0;860
Nguyen-7;4;1.0;1.0;15795
Nguyen-7;5;0.999924721769031;-0.6751933340541509;21575
Nguyen-7;6;1.0;1.0;5390
Nguyen-7;7;1.0;1.0;11964
Nguyen-7;8;1.0;1.0;6265
Nguyen-7;9;1.0;1.0;23654
Nguyen-7;10;0.999879736822702;-0.6423957876835198;11284
